Nome,Abel
Nome,Abelardo
Nome,Abigail
Nome,Abraão
Nome,Absalão
Nome,Abílio
Nome,Acácio
Nome,Adailton
Nome,Adalberto
Nome,Adalton
Nome,Adao
Nome,Adauto
Nome,Adelaide
Nome,Adelino
Nome,Adelmo
Nome,Ademar
Nome,Ademir
Nome,Adiel
Nome,Adilson
Nome,Adolfo
Nome,Adonias
Nome,Adrian
Nome,Adriana
Nome,Adriano
Nome,Adriel
Nome,Adão
Nome,Afonso
Nome,Agatha
Nome,Agenor
Nome,Agildo
Nome,Agnaldo
Nome,Agnes
Nome,Aguinaldo
Nome,Ailton
Nome,Aimar
Nome,Airton
Nome,Alana
Nome,Alaor
Nome,Albano
Nome,Alberto
Nome,Alceu
Nome,Alcides
Nome,Alcindo
Nome,Alcino
Nome,Aldair
Nome,Aldemir
Nome,Aldenor
Nome,Aldo
Nome,Alessandra
Nome,Alex
Nome,Alexandre
Nome,Alexia
Nome,Alfeu
Nome,Alfredo
Nome,Aliberto
Nome,Alice
Nome,Alice Beatriz
Nome,Alice Maria
Nome,Alice Sophia
Nome,Aline
Nome,Almir
Nome,Aloisio
Nome,Altair
Nome,Aluísio
Nome,Alvino
Nome,Alícia
Nome,Alípio
Nome,Amadeu
Nome,Amanda
Nome,Amarildo
Nome,Amaro
Nome,Amauri
Nome,Ambrósio
Nome,Amélia
Nome,Américo
Nome,Ana
Nome,Ana Bela
Nome,Ana Carolina
Nome,Ana Clara
Nome,Ana Júlia
Nome,Ana Laura
Nome,Ana Luiza
Nome,Ana Lúcia
Nome,Ana Maria
Nome,Ana Paula
Nome,Ana Rosa
Nome,Ana Sofia
Nome,Ana Vitória
Nome,Anacleto
Nome,Ananias
Nome,Anastácio
Nome,Andersen
Nome,Anderson
Nome,Andrelino
Nome,André
Nome,Angélica
Nome,Anibal
Nome,Anselmo
Nome,Antenor
Nome,Antero
Nome,Anthony
Nome,Anthony Daniel
Nome,Anthony Felipe
Nome,Anthony Gabriel
Nome,Anthony Miguel
Nome,Anthony Samuel
Nome,Antonella
Nome,Antônio
Nome,Antônio Augusto
Nome,Antônio Carlos
Nome,Antônio Marcos
Nome,Antônio Ricardo
Nome,Anísio
Nome,Aparecida
Nome,Aparício
Nome,Apolinário
Nome,Aquiles
Nome,Arcanjo
Nome,Argemiro
Nome,Ari
Nome,Ariana
Nome,Ariosto
Nome,Aristeu
Nome,Aristides
Nome,Arlindo
Nome,Armando
Nome,Armindo
Nome,Arnaldo
Nome,Aroldo
Nome,Arquimedes
Nome,Arsênio
Nome,Arthur
Nome,Arthur Daniel
Nome,Arthur Felipe
Nome,Arthur Gabriel
Nome,Arthur Henrique
Nome,Arthur Miguel
Nome,Artur
Nome,Augusto
Nome,Augusto Daniel
Nome,Augusto Felipe
Nome,Augusto Samuel
Nome,Aurora
Nome,Aurélio
Nome,Ayla
Nome,Aécio
Nome,Baltazar
Nome,Bartolomeu
Nome,Beatriz
Nome,Beatriz Alice
Nome,Beatriz Helena
Nome,Beatriz Maria
Nome,Belarmino
Nome,Belmiro
Nome,Benedita
Nome,Benedito
Nome,Benjamim
Nome,Benjamin
Nome,Benjamin Daniel
Nome,Benjamin Felipe
Nome,Benjamin Gabriel
Nome,Benjamin Miguel
Nome,Benjamin Samuel
Nome,Bento
Nome,Benício
Nome,Benício Daniel
Nome,Benício Felipe
Nome,Benício Lucas
Nome,Benício Miguel
Nome,Bernardo
Nome,Bernardo Daniel
Nome,Bernardo Felipe
Nome,Bernardo José
Nome,Bernardo Lucas
Nome,Bernardo Miguel
Nome,Beto
Nome,Bianca
Nome,Bilac
Nome,Bonifácio
Nome,Brenda
Nome,Breno
Nome,Breno Daniel
Nome,Breno Felipe
Nome,Breno Samuel
Nome,Bruna
Nome,Bruno
Nome,Bryan
Nome,Bryan Daniel
Nome,Bryan Felipe
Nome,Bryan Gabriel
Nome,Bryan Henrique
Nome,Bryan Samuel
Nome,Bráulio
Nome,Bárbara
Nome,Caetano
Nome,Caio
Nome,Caio Daniel
Nome,Caio Felipe
Nome,Caio Samuel
Nome,Calebe
Nome,Calixto
Nome,Calvin
Nome,Camila
Nome,Camilo
Nome,Carla
Nome,Carlos
Nome,Carlos Alberto
Nome,Carlos André
Nome,Carlos Daniel
Nome,Carlos Eduardo
Nome,Carlos Henrique
Nome,Carolina
Nome,Cassiano
Nome,Cassio
Nome,Castiel
Nome,Catarina
Nome,Cauã
Nome,Cauã Daniel
Nome,Cauã Felipe
Nome,Cauã Henrique
Nome,Cauã Miguel
Nome,Cauã Samuel
Nome,Cauê
Nome,Cecília
Nome,Cecília Alice
Nome,Cecília Beatriz
Nome,Cecília Maria
Nome,Cecílio
Nome,Celestino
Nome,Celina
Nome,Celso
Nome,Chloe
Nome,Cipriano
Nome,Cirilo
Nome,Ciro
Nome,Ciríaco
Nome,Clara
Nome,Clara Alice
Nome,Clara Beatriz
Nome,Clara Maria
Nome,Clarissa
Nome,Claudemir
Nome,Claudiano
Nome,Claudionor
Nome,Cleber
Nome,Clemente
Nome,Clodoaldo
Nome,Cláudio
Nome,Clóvis
Nome,Conceição
Nome,Conrado
Nome,Constantino
Nome,Cornélio
Nome,Cosme
Nome,Crispim
Nome,Cristiano
Nome,Cristina
Nome,Cristóvão
Nome,Curcino
Nome,Custódio
Nome,Cássia
Nome,Cândido
Nome,César
Nome,Cícero
Nome,Dagoberto
Nome,Dalmo
Nome,Dalton
Nome,Damião
Nome,Dan
Nome,Daniel
Nome,Daniel Felipe
Nome,Daniel José
Nome,Daniel Lucas
Nome,Daniel Samuel
Nome,Daniela
Nome,Danilo
Nome,Dante
Nome,Davi
Nome,Davi Daniel
Nome,Davi Felipe
Nome,Davi José
Nome,Davi Lucas
Nome,Davi Lucca
Nome,Davi Miguel
Nome,Davi Samuel
Nome,Demerval
Nome,Demétrio
Nome,Denis
Nome,Denise
Nome,Deoclécio
Nome,Derek
Nome,Derli
Nome,Diana
Nome,Didier
Nome,Diego
Nome,Dilan
Nome,Dinarte
Nome,Diniz
Nome,Diogo
Nome,Dionísio
Nome,Dirceu
Nome,Djalma
Nome,Dolores
Nome,Domingos
Nome,Domênico
Nome,Donato
Nome,Dorian
Nome,Dorival
Nome,Dositeu
Nome,Douglas
Nome,Dráusio
Nome,Duílio
Nome,Dário
Nome,Débora
Nome,Edberto
Nome,Edelvino
Nome,Eden
Nome,Edenilson
Nome,Edgar
Nome,Edilson
Nome,Edivaldo
Nome,Edmar
Nome,Edmilson
Nome,Edmundo
Nome,Edson
Nome,Eduarda
Nome,Eduardo
Nome,Eduardo Daniel
Nome,Eduardo Felipe
Nome,Eduardo Samuel
Nome,Edvaldo
Nome,Egídio
Nome,Elaine
Nome,Eleazar
Nome,Eleonora
Nome,Eliano
Nome,Elias
Nome,Eliel
Nome,Eliezer
Nome,Elioenai
Nome,Elisa
Nome,Elisa Alice
Nome,Elisa Beatriz
Nome,Elisa Maria
Nome,Eliseu
Nome,Eliza
Nome,Elmar
Nome,Elmo
Nome,Eloá
Nome,Elpídio
Nome,Elton
Nome,Elzevir
Nome,Elói
Nome,Emanuel
Nome,Emanuel Daniel
Nome,Emanuel Felipe
Nome,Emanuel Henrique
Nome,Emanuel Samuel
Nome,Emanuelly
Nome,Emerson
Nome,Emilly
Nome,Eneas
Nome,Eneias
Nome,Enoque
Nome,Enrico
Nome,Enzo
Nome,Enzo Daniel
Nome,Enzo Felipe
Nome,Enzo Gabriel
Nome,Enzo Lucas
Nome,Enzo Miguel
Nome,Epaminondas
Nome,Erasmo
Nome,Ercílio
Nome,Erick
Nome,Erivaldo
Nome,Ermelindo
Nome,Ernesto
Nome,Esdras
Nome,Estanislau
Nome,Estela
Nome,Estevão
Nome,Esther
Nome,Esther Alice
Nome,Esther Beatriz
Nome,Esther Maria
Nome,Euclides
Nome,Eudes
Nome,Eudoro
Nome,Eugênio
Nome,Eulálio
Nome,Eunápio
Nome,Eustáquio
Nome,Eusébio
Nome,Evaldo
Nome,Evandro
Nome,Evangelista
Nome,Evaristo
Nome,Everton
Nome,Expedito
Nome,Fabiana
Nome,Fabiano
Nome,Fabrício
Nome,Fagundes
Nome,Farid
Nome,Fausto
Nome,Feliciano
Nome,Felipe
Nome,Felipe Daniel
Nome,Felipe Lucas
Nome,Felipe Samuel
Nome,Felisberto
Nome,Felix
Nome,Felício
Nome,Ferdinando
Nome,Fernanda
Nome,Fernando
Nome,Fernando Henrique
Nome,Fernão
Nome,Fidelis
Nome,Fidélis
Nome,Filadelfo
Nome,Fileto
Nome,Filomeno
Nome,Filémon
Nome,Firmino
Nome,Flamínio
Nome,Flaviano
Nome,Floreal
Nome,Floriano
Nome,Florêncio
Nome,Flávia
Nome,Fortunato
Nome,Francisco
Nome,Francisco Carlos
Nome,Francisco José
Nome,Francisco Xavier
Nome,Francisco de Assis
Nome,Frederico
Nome,Frutuoso
Nome,Fábio
Nome,Fátima
Nome,Fúlvio
Nome,Gabriel
Nome,Gabriel Daniel
Nome,Gabriel Felipe
Nome,Gabriel Henrique
Nome,Gabriel Samuel
Nome,Gabriela
Nome,Gabriela Alice
Nome,Gabriela Beatriz
Nome,Gabriela Maria
Nome,Gabrielly
Nome,Gael
Nome,Galdino
Nome,Galeno
Nome,Galileu
Nome,Gamaliel
Nome,Garibaldi
Nome,Gaspar
Nome,Gaudêncio
Nome,Gedeão
Nome,Genaro
Nome,Genival
Nome,Genésio
Nome,Geraldo
Nome,Germano
Nome,Gervásio
Nome,Gessé
Nome,Getúlio
Nome,Gilberto
Nome,Gildo
Nome,Gilmar
Nome,Gilson
Nome,Giovanni
Nome,Gisele
Nome,Giuliano
Nome,Giácomo
Nome,Glauco
Nome,Gláucia
Nome,Godofredo
Nome,Gomes
Nome,Gonçalo
Nome,Graciano
Nome,Graciliano
Nome,Graziella
Nome,Graça
Nome,Gregório
Nome,Gualberto
Nome,Gualter
Nome,Guaraci
Nome,Guilherme
Nome,Guilherme Daniel
Nome,Guilherme Felipe
Nome,Guilherme Samuel
Nome,Gustavo
Nome,Gustavo Daniel
Nome,Gustavo Felipe
Nome,Gustavo Henrique
Nome,Gustavo Lucas
Nome,Gérson
Nome,Haroldo
Nome,Hassan
Nome,Heitor
Nome,Heitor Daniel
Nome,Heitor Felipe
Nome,Heitor Gabriel
Nome,Heitor Lucas
Nome,Helena
Nome,Helena Alice
Nome,Helena Beatriz
Nome,Helena Maria
Nome,Heloísa
Nome,Henrique
Nome,Henrique Daniel
Nome,Henrique Felipe
Nome,Henrique Lucas
Nome,Henry
Nome,Herbert
Nome,Hermano
Nome,Hermenegildo
Nome,Hermes
Nome,Hermínio
Nome,Hernani
Nome,Herodes
Nome,Higino
Nome,Hilário
Nome,Hipólito
Nome,Honorato
Nome,Honório
Nome,Horácio
Nome,Hugo
Nome,Humberto
Nome,Hélcio
Nome,Hélio
Nome,Idalécio
Nome,Idelfonso
Nome,Igor
Nome,Ingrid
Nome,Inácio
Nome,Irene
Nome,Irineu
Nome,Iris
Nome,Isaac
Nome,Isaac Gabriel
Nome,Isaac Henrique
Nome,Isabel
Nome,Isabella
Nome,Isabella Alice
Nome,Isabella Beatriz
Nome,Isabella Maria
Nome,Isabelly
Nome,Isadora
Nome,Isidoro
Nome,Isis
Nome,Ismael
Nome,Israel
Nome,Itamar
Nome,Ivaldo
Nome,Ivan
Nome,Ivo
Nome,Ivone
Nome,Jacinto
Nome,Jacó
Nome,Jade
Nome,Jader
Nome,Jairo
Nome,James
Nome,Jamil
Nome,Januário
Nome,Jaqueline
Nome,Jarbas
Nome,Jasmim
Nome,Jason
Nome,Jean
Nome,Jeferson
Nome,Jefferson
Nome,Jeremias
Nome,Jerônimo
Nome,Jesus
Nome,Joabe
Nome,Joaci
Nome,Joana
Nome,Joaquim
Nome,Joaquim Daniel
Nome,Joaquim Felipe
Nome,Joaquim Samuel
Nome,Joarez
Nome,Jocelin
Nome,Jocimar
Nome,Joel
Nome,Jofre
Nome,Jonas
Nome,Jonathan
Nome,Jordano
Nome,Jordão
Nome,Jorge
Nome,Jorge Luiz
Nome,Josafá
Nome,Joselito
Nome,Josemar
Nome,Josiane
Nome,Josias
Nome,Josué
Nome,José
Nome,José Augusto
Nome,José Carlos
Nome,José Eduardo
Nome,José Maria
Nome,José Ricardo
Nome,Joviniano
Nome,João
Nome,João Batista
Nome,João Carlos
Nome,João Daniel
Nome,João Felipe
Nome,João Gabriel
Nome,João Guilherme
Nome,João Lucas
Nome,João Miguel
Nome,João Paulo
Nome,João Pedro
Nome,João Ricardo
Nome,João Samuel
Nome,João Victor
Nome,Juarez
Nome,Jucelino
Nome,Judas
Nome,Juliana
Nome,Juvenal
Nome,Juvênal
Nome,Juvêncio
Nome,Jânio
Nome,Jéssica
Nome,Jório
Nome,Júlia
Nome,Júlio
Nome,Júnior
Nome,Kaique
Nome,Kaled
Nome,Karen
Nome,Karina
Nome,Kelly
Nome,Kevin
Nome,Kleber
Nome,Kátia
Nome,Lara
Nome,Larissa
Nome,Larissa Alice
Nome,Larissa Beatriz
Nome,Larissa Maria
Nome,Laudelino
Nome,Laura
Nome,Laura Beatriz
Nome,Laura Sophia
Nome,Laura Valentina
Nome,Laurindo
Nome,Lauro
Nome,Lavínia
Nome,Laércio
Nome,Laís
Nome,Leal
Nome,Leandro
Nome,Leocádio
Nome,Leonardo
Nome,Leonardo Daniel
Nome,Leonardo Felipe
Nome,Leonardo Samuel
Nome,Leopoldo
Nome,Leovigildo
Nome,Letícia
Nome,Levi
Nome,Levi Daniel
Nome,Levi Felipe
Nome,Levi Gabriel
Nome,Levi Miguel
Nome,Levi Samuel
Nome,Leôncio
Nome,Leônidas
Nome,Lia
Nome,Liara
Nome,Licínio
Nome,Lidório
Nome,Liliane
Nome,Lindolfo
Nome,Lindomar
Nome,Lineu
Nome,Lino
Nome,Lisandro
Nome,Liz
Nome,Lombardi
Nome,Longuinho
Nome,Lorena
Nome,Lorena Alice
Nome,Lorena Beatriz
Nome,Lorena Maria
Nome,Lorenzo
Nome,Lorenzo Daniel
Nome,Lorenzo Felipe
Nome,Lorenzo Gabriel
Nome,Lorenzo Henrique
Nome,Lorenzo Samuel
Nome,Loreta
Nome,Lorival
Nome,Lourdes
Nome,Lourenço
Nome,Luan
Nome,Luana
Nome,Lucas
Nome,Lucas Daniel
Nome,Lucas Felipe
Nome,Lucas Gabriel
Nome,Lucas Samuel
Nome,Lucca
Nome,Lucca Daniel
Nome,Lucca Felipe
Nome,Lucca Gabriel
Nome,Lucca Lucas
Nome,Luciana
Nome,Luciano
Nome,Ludgero
Nome,Ludovico
Nome,Luiz
Nome,Luiz Alberto
Nome,Luiz Carlos
Nome,Luiz Cláudio
Nome,Luiz Eduardo
Nome,Luiz Felipe
Nome,Luiz Fernando
Nome,Luiz Gustavo
Nome,Luiz Henrique
Nome,Luiz Miguel
Nome,Luiz Otávio
Nome,Luiza
Nome,Luna
Nome,Luzia
Nome,Lázaro
Nome,Lídio
Nome,Lívia
Nome,Lívia Alice
Nome,Lívia Beatriz
Nome,Lívia Maria
Nome,Lívio
Nome,Lúcio
Nome,Macedônio
Nome,Maciel
Nome,Macário
Nome,Madalena
Nome,Magali
Nome,Magno
Nome,Mair
Nome,Maitê
Nome,Malaquias
Nome,Malvino
Nome,Mamede
Nome,Manassés
Nome,Manfredo
Nome,Manoel
Nome,Manuela
Nome,Manuela Alice
Nome,Manuela Beatriz
Nome,Manuela Sophia
Nome,Marcela
Nome,Marcelo
Nome,Marcelo Augusto
Nome,Marcial
Nome,Marcionílio
Nome,Marcolino
Nome,Marcondes
Nome,Marcos
Nome,Marcos Vinícius
Nome,Marcílio
Nome,Margarida
Nome,Maria
Nome,Maria Alice
Nome,Maria Aparecida
Nome,Maria Cecília
Nome,Maria Clara
Nome,Maria Eduarda
Nome,Maria Fernanda
Nome,Maria Flor
Nome,Maria Helena
Nome,Maria José
Nome,Maria Júlia
Nome,Maria Luiza
Nome,Maria Vitória
Nome,Maria das Graças
Nome,Maria de Fátima
Nome,Maria de Lourdes
Nome,Mariana
Nome,Mariana Alice
Nome,Mariana Beatriz
Nome,Mariana Helena
Nome,Mariano
Nome,Marilda
Nome,Marina
Nome,Marta
Nome,Martim
Nome,Martin
Nome,Martiniano
Nome,Marília
Nome,Massilon
Nome,Matheus
Nome,Matheus Daniel
Nome,Matheus Felipe
Nome,Matheus Henrique
Nome,Matheus Miguel
Nome,Matheus Samuel
Nome,Mauro
Nome,Maurício
Nome,Max
Nome,Maximiano
Nome,Maxwell
Nome,Maíra
Nome,Melchior
Nome,Melinda
Nome,Melissa
Nome,Melquisedeque
Nome,Menandro
Nome,Mercedes
Nome,Messias
Nome,Michel
Nome,Michele
Nome,Miguel
Nome,Miguel Daniel
Nome,Miguel Felipe
Nome,Miguel Lucas
Nome,Miguel Ângelo
Nome,Milena
Nome,Milton
Nome,Miquéias
Nome,Mirella
Nome,Misael
Nome,Moacir
Nome,Modesto
Nome,Moisés
Nome,Murilo
Nome,Murilo Daniel
Nome,Murilo Felipe
Nome,Murilo Lucas
Nome,Márcia
Nome,Márcio
Nome,Mário
Nome,Mílton
Nome,Mônica
Nome,Nabor
Nome,Nadim
Nome,Nadir
Nome,Naiara
Nome,Napoleão
Nome,Narciso
Nome,Nascimento
Nome,Natan
Nome,Nataniel
Nome,Natasha
Nome,Nathalia
Nome,Nathan
Nome,Nathan Henrique
Nome,Nathan Miguel
Nome,Natália
Nome,Nazareno
Nome,Nazaré
Nome,Neemias
Nome,Nelson
Nome,Nereu
Nome,Nestor
Nome,Neusa
Nome,Newton
Nome,Nicanor
Nome,Nicodemos
Nome,Nicolas
Nome,Nicolas Daniel
Nome,Nicolas Felipe
Nome,Nicolas Samuel
Nome,Nicole
Nome,Nilo
Nome,Nilson
Nome,Nilza
Nome,Nivaldo
Nome,Noah
Nome,Noah Daniel
Nome,Noah Felipe
Nome,Noah Gabriel
Nome,Noah Samuel
Nome,Noemi
Nome,Nolasco
Nome,Nonato
Nome,Norberto
Nome,Norival
Nome,Norma
Nome,Noé
Nome,Nuno
Nome,Níveo
Nome,Oadi
Nome,Obadias
Nome,Odair
Nome,Odemar
Nome,Odilon
Nome,Odorico
Nome,Ofélia
Nome,Olavo
Nome,Olegário
Nome,Olivério
Nome,Olímpio
Nome,Olívia
Nome,Omar
Nome,Onofre
Nome,Orestes
Nome,Orfeu
Nome,Oriel
Nome,Orlando
Nome,Orville
Nome,Orígenes
Nome,Oscar
Nome,Osias
Nome,Osiris
Nome,Osmar
Nome,Osvaldo
Nome,Osvino
Nome,Otacílio
Nome,Otoniel
Nome,Otto
Nome,Otávio
Nome,Ovídio
Nome,Ozias
Nome,Pacífico
Nome,Paloma
Nome,Pancho
Nome,Pandolfo
Nome,Paola
Nome,Parmênides
Nome,Pascoal
Nome,Patrícia
Nome,Patrício
Nome,Patápio
Nome,Paulino
Nome,Paulo
Nome,Paulo André
Nome,Paulo César
Nome,Paulo Ricardo
Nome,Paulo Roberto
Nome,Paulo Sérgio
Nome,Pedro
Nome,Pedro Afonso
Nome,Pedro Arthur
Nome,Pedro Augusto
Nome,Pedro Daniel
Nome,Pedro Felipe
Nome,Pedro Henrique
Nome,Pedro Lucas
Nome,Pedro Miguel
Nome,Pedro Paulo
Nome,Pedro Samuel
Nome,Penélope
Nome,Perpétuo
Nome,Petrônio
Nome,Piedade
Nome,Pietra
Nome,Pio
Nome,Plácido
Nome,Plínio
Nome,Policarpo
Nome,Pompílio
Nome,Porfírio
Nome,Possidônio
Nome,Priscila
Nome,Protásio
Nome,Prudente
Nome,Prudêncio
Nome,Próspero
Nome,Pádua
Nome,Péricles
Nome,Pérola
Nome,Querubim
Nome,Quincas
Nome,Quintiliano
Nome,Quintino
Nome,Quirino
Nome,Radamés
Nome,Rael
Nome,Rafael
Nome,Rafael Daniel
Nome,Rafael Felipe
Nome,Rafael Samuel
Nome,Rafaela
Nome,Raimundo
Nome,Raimundo Carlos
Nome,Raimundo José
Nome,Raimundo Nonato
Nome,Raimundo Paulo
Nome,Ramiro
Nome,Ramom
Nome,Randolfo
Nome,Ranulfo
Nome,Raquel
Nome,Raul
Nome,Ravi
Nome,Ravi Miguel
Nome,Rebeca
Nome,Regina
Nome,Reginaldo
Nome,Regulus
Nome,Reinaldo
Nome,Remígio
Nome,Renan
Nome,Renata
Nome,Renato
Nome,Rener
Nome,Renier
Nome,Reno
Nome,Rian
Nome,Ribamar
Nome,Ricardo
Nome,Ricardo Augusto
Nome,Rinaldo
Nome,Rita
Nome,Rivelino
Nome,Roberto
Nome,Roberto Carlos
Nome,Rodolfo
Nome,Rodrigo
Nome,Rogaciano
Nome,Romualdo
Nome,Romulo
Nome,Romão
Nome,Ronaldo
Nome,Ronei
Nome,Roque
Nome,Rosalvo
Nome,Rosana
Nome,Rosendo
Nome,Rosângela
Nome,Ruan
Nome,Rubem
Nome,Rubens
Nome,Rudesindo
Nome,Rufino
Nome,Rui
Nome,Ryan
Nome,Rêmolo
Nome,Rômulo
Nome,Sabino
Nome,Sabrina
Nome,Salatiel
Nome,Salomão
Nome,Salustiano
Nome,Salvador
Nome,Samanta
Nome,Samuel
Nome,Samuel Daniel
Nome,Samuel Felipe
Nome,Samuel Henrique
Nome,Samuel Lucas
Nome,Sandalio
Nome,Sandra
Nome,Sansão
Nome,Sara
Nome,Sarah
Nome,Sarah Alice
Nome,Sarah Beatriz
Nome,Sarah Maria
Nome,Saturnino
Nome,Saulo
Nome,Sebastião
Nome,Sebastião Carlos
Nome,Sebastião José
Nome,Sebastião Paulo
Nome,Sebastião Ricardo
Nome,Segundo
Nome,Serafim
Nome,Serapião
Nome,Sereno
Nome,Servílio
Nome,Severiano
Nome,Severino
Nome,Severo
Nome,Sidnei
Nome,Silas
Nome,Silvino
Nome,Silvério
Nome,Simone
Nome,Simplício
Nome,Simão
Nome,Sinésio
Nome,Sisenando
Nome,Sixto
Nome,Socorro
Nome,Sofia
Nome,Sofia Beatriz
Nome,Sofia Helena
Nome,Sofia Maria
Nome,Solange
Nome,Sophia
Nome,Sophie
Nome,Sotero
Nome,Stella
Nome,Stephanie
Nome,Sueli
Nome,Susana
Nome,Sálvio
Nome,Sátiro
Nome,Sávio
Nome,Sérgio
Nome,Sílvio
Nome,Sócrates
Nome,Sóstenes
Nome,Sônia
Nome,Taciano
Nome,Tadeu
Nome,Tales
Nome,Talita
Nome,Tamara
Nome,Tamer
Nome,Tancredo
Nome,Tarcilo
Nome,Tarcísio
Nome,Tatiana
Nome,Taurino
Nome,Taís
Nome,Telesforo
Nome,Telma
Nome,Telêmaco
Nome,Teobaldo
Nome,Teodemiro
Nome,Teodomiro
Nome,Teodoro
Nome,Teodósio
Nome,Teresa
Nome,Teresinha
Nome,Terêncio
Nome,Teófilo
Nome,Thaís
Nome,Thiago
Nome,Théo
Nome,Théo Daniel
Nome,Théo Felipe
Nome,Théo Henrique
Nome,Théo Samuel
Nome,Tiago
Nome,Tibúrcio
Nome,Ticiano
Nome,Timóteo
Nome,Tito
Nome,Tobias
Nome,Tomás
Nome,Torquato
Nome,Trajano
Nome,Tristão
Nome,Tânia
Nome,Ubaldo
Nome,Ubirajara
Nome,Ubiratã
Nome,Ulisses
Nome,Urbano
Nome,Vadim
Nome,Valdecir
Nome,Valdemar
Nome,Valdemiro
Nome,Valdir
Nome,Valdo
Nome,Valdomiro
Nome,Valentim
Nome,Valentina
Nome,Valentina Alice
Nome,Valentina Beatriz
Nome,Valentina Maria
Nome,Valeriano
Nome,Valéria
Nome,Valério
Nome,Valêncio
Nome,Vanderlei
Nome,Vanessa
Nome,Venceslau
Nome,Venâncio
Nome,Vera
Nome,Veridiano
Nome,Verônica
Nome,Vespasiano
Nome,Vicente
Nome,Vicente Daniel
Nome,Vicente Felipe
Nome,Vicente Samuel
Nome,Victor
Nome,Vinícius
Nome,Vinícius Gabriel
Nome,Vinícius Henrique
Nome,Virgílio
Nome,Vital
Nome,Vitorino
Nome,Vitória
Nome,Vitória Alice
Nome,Vitória Beatriz
Nome,Vitória Maria
Nome,Viviane
Nome,Vladimir
Nome,Volmar
Nome,Voltaire
Nome,Wagner
Nome,Waldemar
Nome,Walfrido
Nome,Walter
Nome,Wanessa
Nome,Washington
Nome,Wenceslau
Nome,Wesley
Nome,Wilfredo
Nome,Wilian
Nome,William
Nome,Wilson
Nome,Xavier
Nome,Xerxes
Nome,Ximena
Nome,Yago
Nome,Yasmim
Nome,Yasmin
Nome,Yasmin Alice
Nome,Yasmin Beatriz
Nome,Yasmin Maria
Nome,Yuri
Nome,Yuri Gabriel
Nome,Zacarias
Nome,Zaqueu
Nome,Zebedeu
Nome,Zeno
Nome,Zilda
Nome,Ziraldo
Nome,Zoe
Nome,Zélia
Nome,Zózimo
Nome,Álvaro
Nome,Ângelo
Nome,Érica
Nome,Ícaro
Nome,Ítalo
